{
  "model/models-dbg.js": 1684489956724,
  "controller/Object.controller.js": 1684489956752,
  "model/models.js": 1684489956724,
  "model/formatter.js": 1684489956836,
  "controller/Worklist.controller.js": 1684489956832,
  "manifest.json": 1684908133344,
  "controller/NotFound.controller.js": 1684489956740,
  "controller/ErrorHandler.js": 1684489956728,
  "controller/BaseController.js": 1684489956724,
  "controller/App.controller.js": 1684489956724,
  "Component.js": 1684489956712,
  "Component-preload.js": 1684908133831,
  "i18n/i18n.properties": 1684489956720,
  "model/formatter-dbg.js": 1684489956836,
  "controller/Worklist-dbg.controller.js": 1684489956832,
  "controller/Object-dbg.controller.js": 1684489956752,
  "controller/NotFound-dbg.controller.js": 1684489956740,
  "controller/ErrorHandler-dbg.js": 1684489956728,
  "controller/BaseController-dbg.js": 1684489956724,
  "controller/App-dbg.controller.js": 1684489956724,
  "Component-dbg.js": 1684489956712,
  "view/Worklist.view.xml": 1684491004294,
  "view/ObjectNotFound.view.xml": 1684489957032,
  "view/Object.view.xml": 1684490959257,
  "view/NotFound.view.xml": 1684489956920,
  "view/App.view.xml": 1684489956920,
  "index.html": 1684489956712
}